<?xml version="1.0" encoding="UTF-8"?>
<project-private xmlns="http://www.netbeans.org/ns/project-private/1">
    <editor-bookmarks xmlns="http://www.netbeans.org/ns/editor-bookmarks/2" lastBookmarkId="0"/>
    <open-files xmlns="http://www.netbeans.org/ns/projectui-open-files/2">
        <group>
            <file>file:/C:/Users/Lil%20Shil/workspace/Enterprise-Systems-Development_2/SmartCare%20CW/SmartCareApp/web/Admin_JSP/Select_Employee.jsp</file>
            <file>file:/C:/Users/Lil%20Shil/workspace/Enterprise-Systems-Development_2/SmartCare%20CW/SmartCareApp/web/Login.jsp</file>
            <file>file:/C:/Users/Lil%20Shil/workspace/Enterprise-Systems-Development_2/SmartCare%20CW/SmartCareApp/web/Functionalities/Pa_Del_BKO.jsp</file>
            <file>file:/C:/Users/Lil%20Shil/workspace/Enterprise-Systems-Development_2/SmartCare%20CW/SmartCareApp/web/Functionalities/Book_Doctor.jsp</file>
            <file>file:/C:/Users/Lil%20Shil/workspace/Enterprise-Systems-Development_2/SmartCare%20CW/SmartCareApp/web/Functionalities/Show_Operation.jsp</file>
            <file>file:/C:/Users/Lil%20Shil/workspace/Enterprise-Systems-Development_2/SmartCare%20CW/SmartCareApp/web/Functionalities/Note_To_Spe.jsp</file>
            <file>file:/C:/Users/Lil%20Shil/workspace/Enterprise-Systems-Development_2/SmartCare%20CW/SmartCareApp/web/Functionalities/Book_Nurse.jsp</file>
            <file>file:/C:/Users/Lil%20Shil/workspace/Enterprise-Systems-Development_2/SmartCare%20CW/SmartCareApp/web/assets/user/css/style.css</file>
        </group>
    </open-files>
</project-private>
