<?xml version="1.0" encoding="UTF-8"?>
<project-private xmlns="http://www.netbeans.org/ns/project-private/1">
    <editor-bookmarks xmlns="http://www.netbeans.org/ns/editor-bookmarks/2" lastBookmarkId="0"/>
    <open-files xmlns="http://www.netbeans.org/ns/projectui-open-files/2">
        <group>
            <file>file:/C:/Users/Lil%20Shil/workspace/Enterprise-Systems-Development_2/SmartCare%20CW/SmartCareApp/src/java/Em_Function/To_Operate.java</file>
            <file>file:/C:/Users/Lil%20Shil/workspace/Enterprise-Systems-Development_2/SmartCare%20CW/SmartCareApp/src/java/Login/LoginData.java</file>
            <file>file:/C:/Users/Lil%20Shil/workspace/Enterprise-Systems-Development_2/SmartCare%20CW/SmartCareApp/src/java/Login/Reg_Controller.java</file>
            <file>file:/C:/Users/Lil%20Shil/workspace/Enterprise-Systems-Development_2/SmartCare%20CW/SmartCareApp/web/Functionalities/Show_Booking.jsp</file>
        </group>
    </open-files>
</project-private>
